{
    "state": "Louisiana",
    "type": "race",
    "WHITE_POP": {
        "1": {
            "min": 39,
            "first_quartile": 43.14613804924675,
            "median": 47.72939392547575,
            "third_quartile": 51.12476456033795,
            "max": 54,
            "enacted": 28.25211034163765
        },
        "2": {
            "min": 48,
            "first_quartile": 52.56380316685158,
            "median": 53.33876649588396,
            "third_quartile": 53.7017896500552,
            "max": 55,
            "enacted": 57.048808951740234
        },
        "3": {
            "min": 52,
            "first_quartile": 53.85870072875383,
            "median": 54.43801755245035,
            "third_quartile": 55.43453400120867,
            "max": 59,
            "enacted": 58.94662085384989
        },
        "4": {
            "min": 53,
            "first_quartile": 56.235430259894954,
            "median": 58.79375664606631,
            "third_quartile": 61.3610769982392,
            "max": 64,
            "enacted": 63.22235717587357
        },
        "5": {
            "min": 56,
            "first_quartile": 61.31438385418555,
            "median": 62.90375423517137,
            "third_quartile": 64.08903050359521,
            "max": 66,
            "enacted": 65.48005660300525
        },
        "6": {
            "min": 60,
            "first_quartile": 64.68527196336231,
            "median": 65.55163392791604,
            "third_quartile": 66.52873838555219,
            "max": 69,
            "enacted": 68.62691287680673
        }
    },
    "BLACK_POP": {
        "1": {
            "min": 17,
            "first_quartile": 21.830506960695338,
            "median": 23.63735098173646,
            "third_quartile": 24.983697624393304,
            "max": 28,
            "enacted": 14.46642505091775
        },
        "2": {
            "min": 21,
            "first_quartile": 24.941793123542492,
            "median": 26.12490504599645,
            "third_quartile": 27.208239165588424,
            "max": 32,
            "enacted": 24.583494522946616
        },
        "3": {
            "min": 24,
            "first_quartile": 27.601606865730275,
            "median": 29.084207538777406,
            "third_quartile": 30.390214489030786,
            "max": 34,
            "enacted": 24.964841022413236
        },
        "4": {
            "min": 31,
            "first_quartile": 33.039110791342154,
            "median": 34.54819045209145,
            "third_quartile": 35.90652566684088,
            "max": 39,
            "enacted": 33.56573076130981
        },
        "5": {
            "min": 31,
            "first_quartile": 35.66061973009947,
            "median": 36.87074429931023,
            "third_quartile": 37.67587181884053,
            "max": 42,
            "enacted": 33.72693577187382
        },
        "6": {
            "min": 34,
            "first_quartile": 37.60513592491109,
            "median": 38.33456322474231,
            "third_quartile": 40.47533649019064,
            "max": 43,
            "enacted": 58.641543857845846
        }
    },
    "ASIAN_POP": {
        "1": {
            "min": 0,
            "first_quartile": 1.0157172742600487,
            "median": 1.1015335470205998,
            "third_quartile": 1.1328146161298138,
            "max": 1,
            "enacted": 0.931091391158487
        },
        "2": {
            "min": 1,
            "first_quartile": 1.1798176467859178,
            "median": 1.202752659781968,
            "third_quartile": 1.2283063995506422,
            "max": 1,
            "enacted": 1.0751699045788425
        },
        "3": {
            "min": 1,
            "first_quartile": 1.4972744014306567,
            "median": 1.558515506227909,
            "third_quartile": 1.6815002345115968,
            "max": 1,
            "enacted": 1.7397025288105223
        },
        "4": {
            "min": 1,
            "first_quartile": 1.7913643690273893,
            "median": 1.9143742897425486,
            "third_quartile": 2.074738162063788,
            "max": 2,
            "enacted": 2.2420609553407225
        },
        "5": {
            "min": 1,
            "first_quartile": 2.148738231080495,
            "median": 2.256883044570437,
            "third_quartile": 2.3180545194970392,
            "max": 2,
            "enacted": 2.3723056664841216
        },
        "6": {
            "min": 2,
            "first_quartile": 2.8331309206767816,
            "median": 3.102778455281131,
            "third_quartile": 3.3427910596713373,
            "max": 3,
            "enacted": 2.638794310750215
        }
    },
    "NATIVE_POP": {
        "1": {
            "min": 0,
            "first_quartile": 0.30989224473768784,
            "median": 0.31832341466642844,
            "third_quartile": 0.3408985491513114,
            "max": 0,
            "enacted": 0.39187470288188514
        },
        "2": {
            "min": 0,
            "first_quartile": 0.4115618709785578,
            "median": 0.4285067497538167,
            "third_quartile": 0.4447347870528229,
            "max": 0,
            "enacted": 0.468454087982252
        },
        "3": {
            "min": 0,
            "first_quartile": 0.4437570161525312,
            "median": 0.4689315408045691,
            "third_quartile": 0.5182870756081216,
            "max": 0,
            "enacted": 0.5270900354277802
        },
        "4": {
            "min": 0,
            "first_quartile": 0.5389417842912017,
            "median": 0.6218210976770218,
            "third_quartile": 0.7021290008935123,
            "max": 0,
            "enacted": 0.5490209577010454
        },
        "5": {
            "min": 0,
            "first_quartile": 0.780227324633235,
            "median": 0.8609085504854953,
            "third_quartile": 0.9055729682805921,
            "max": 1,
            "enacted": 0.8726573762614128
        },
        "6": {
            "min": 0,
            "first_quartile": 1.2325751045350652,
            "median": 1.3885425990948872,
            "third_quartile": 1.485113219990989,
            "max": 1,
            "enacted": 1.2527920156045214
        }
    },
    "PACIFIC_POP": {
        "1": {
            "min": 0,
            "first_quartile": 0.02325529158590741,
            "median": 0.024522841805627693,
            "third_quartile": 0.025896237344839167,
            "max": 0,
            "enacted": 0.024349331746117635
        },  
        "2": {
            "min": 0,
            "first_quartile": 0.02715388124887618,
            "median": 0.02833091139405483,
            "third_quartile": 0.02920671693548632,
            "max": 0,
            "enacted": 0.02901230318348561
        },
        "3": {
            "min": 0,
            "first_quartile": 0.030029793977487534,
            "median": 0.03266437468759581,
            "third_quartile": 0.03448746764120881,
            "max": 0,
            "enacted": 0.033020261849391636
        },
        "4": {
            "min": 0,
            "first_quartile": 0.037778301357170245,
            "median": 0.040000654212511075,
            "third_quartile": 0.04176613369345688,
            "max": 0,
            "enacted": 0.03372256383108686
        },
        "5": {
            "min": 0,
            "first_quartile": 0.043105148881312866,
            "median": 0.044322827010382065,
            "third_quartile": 0.046304075818259204,
            "max": 0,
            "enacted": 0.0398727517736606
        },
        "6": {
            "min": 0,
            "first_quartile": 0.07310013664114831,
            "median": 0.07720613658232311,
            "third_quartile": 0.07962514893818594,
            "max": 0,
            "enacted": 0.0891055124596691
        }
    }
}